ALLTEL CORP.,65873
ALZA CORP. CL. A,
AMP INC.,94567
AMR CORP.,6201
ASARCO INC.,
AT&T CORP.,
ABBOTT LABS,
ADVANCED MICRO DEVICES,2488
AEROQUIP-VICKERS INC.,
AETNA INC. (OLD),
AHMANSON (H.F.) & CO.,
AIR PRODUCTS & CHEMICALS,2969
AIRTOUCH COMMUNICATIONS,
ALBERTO-CULVER,
ALBERTSON'S,
ALCAN INC.,4285
ALCOA INC,4281
ALEXANDER & ALEXANDER,
ALLERGAN,
AMDAHL CORP.,
AMERADA HESS,
AMERICAN ELECTRIC POWER,4904
AMERICAN EXPRESS,949348
AMERICAN GENERAL,5103
AMERICAN GREETINGS CL A,
AMERICAN HOME PRODUCTS,
AMERICAN INT'L. GROUP,
AMERICAN STORES,
AMERITECH,
AMGEN,
AMOCO,313807
ANDREW CORP.,317093
ANHEUSER-BUSCH,
APPLE COMPUTER,320193
ARCHER-DANIELS-MIDLAND,
ARMCO INC.,797923
ARMSTRONG HOLDINGS INC.,
ASHLAND INC.,7694
ATLANTIC RICHFIELD,
AUTODESK,
AUTOMATIC DATA PROCESSING INC.,8670
AVERY DENNISON CORP.,8818
AVON PRODUCTS,8868
BAKER HUGHES,808362
BALL CORP.,9389
BALLY ENTERTAINMENT CORP,
BALTIMORE GAS & ELECTRIC,9466
BANK ONE CORP.,1067092
BANK OF AMERICA CORP.,70858
BANKBOSTON CORP.,
BANKERS TRUST N.Y.,
BARD (C.R.) INC.,
BARNETT BANKS INC.,
BARRICK GOLD CORP.,756894
BASSETT FURNITURE(OLD),
BAUSCH & LOMB,10427
BAXTER INTERNATIONAL INC.,10456
BECTON,
BELLSOUTH,
BEMIS COMPANY,
BENEFICIAL CORP.,
BETHLEHEM STEEL,741350
BEVERLY ENTERPRISES,1040441
BIOMET,
BLACK & DECKER CORP.,12355
BLOCK H&R,
BOATMEN'S BANCSHARES,
BOEING COMPANY,
BOISE CASCADE,1328581
BRIGGS & STRATTON,14195
BRISTOL-MYERS SQUIBB,
BROWN GROUP,
BROWN-FORMAN CORP.,
BROWNING-FERRIS IND.,
BRUNO'S INC.,
BRUNSWICK CORP.,14930
BURLINGTON NORTHERN SANTA FE C,934612
BURLINGTON RESOURCES,
CBS INC.,4977
CIGNA CORP.,701221
CINERGY CORP.,
COMPAQ COMPUTER,714154
CPC INTERNATIONAL,11860
CSX CORP.,277948
CVS CORP.,
CALIBER SYSTEMS INC.,
CAMPBELL SOUP,16732
CAPITAL CITIES/ABC,
CATERPILLAR INC.,18230
CENTEX CORP.,18532
CENTRAL & SOUTH WEST,
CERIDIAN CORP. (OLD),
CHAMPION INTERNATIONAL,
CHARMING SHOPPES,
CHASE MANHATTAN (OLD),
CHEMICAL BANKING CORP.,
CHEVRON CORP.,93410
CHRYSLER CORP.,791269
CHUBB CORP.,20171
CIRCUIT CITY GROUP,
CISCO SYSTEMS,858877
CITICORP,811785
CLARK EQUIPMENT,
CLOROX CO.,21076
COASTAL CORP.,21267
COCA COLA CO.,21344
COLGATE-PALMOLIVE,
COLUMBIA GAS SYSTEM,22099
COMCAST CLASS A SPECIAL,
COMMUNITY PSYCHIATRIC CTRS,
COMPUTER ASSOCIATES INTL.,
COMPUTER SCIENCES CORP.,23082
CONAGRA FOODS,
CONRAIL INC.,897732
CONSOLIDATED EDISON,1047862
CONSOLIDATED FREIGHTWAYS (SMALL),
CONSOLIDATED NATURAL GAS,23738
CONTINENTAL CORP.,1084717
COOPER INDUSTRIES,1141982
COOPER TIRE & RUBBER,24491
COORS (ADOLPH OLD),
CORESTATES FINANCIAL,69952
CORNING INC.,24741
COSTCO CO.,
CRANE COMPANY,
CRAY RESEARCH INC.,
CROWN CORK & SEAL,1233813
CUMMINS INC.,26172
CYPRUS AMAX MINERALS CO.,
DSC COMMUNICATIONS,
DTE ENERGY CO.,936340
DANA CORP.,
DATA GENERAL,26999
DEERE & CO.,315189
DELTA AIR LINES,27904
DELUXE CORP.,27996
DIAL CORP.,1016179
DIGITAL EQUIPMENT,
DILLARD INC.,
DOMINION RESOURCES,715957
DONNELLEY (R.R.) & SONS,
DOVER CORP.,29905
DOW CHEMICAL,29915
DOW JONES & CO.,29924
DRESSER INDUSTRIES,29915
DU PONT (E.I.),
DUKE ENERGY,1086673
DUN & BRADSTREET (OLD),
E-SYSTEMS INC.,
ENSERCH CORP.,931006
EASTERN ENTERPRISES,311259
EASTMAN CHEMICAL,915389
EASTMAN KODAK,31235
EATON CORP.,31277
ECHLIN INC.,
ECHO BAY MINES LTD.,
ECOLAB INC.,31462
EDISON INT'L,
EMERSON ELECTRIC,32604
ENGELHARD CORP.,352947
ENRON CORP.,1024401
ENTERGY CORP.,65984
EXELON CORP.,1109357
EXXON MOBIL CORP.,34088
FMC CORP.,37785
FPL GROUP,753308
FANNIE MAE,310522
FEDERAL EXPRESS,230211
FEDERAL HOME LOAN MTG.,
FEDERAL PAPER BOARD,
FIRST CHICAGO NBD CORP.,
FIRST DATA,883980
FIRST FIDELITY BANCORP,823549
FIRST INTERSTATE,860413
FIRST MISSISSIPPI,36537
FIRST UNION CORP.,
FLEET BOSTON FINANCIAL GROUP,
FLEETWOOD ENTERPRISES,314132
FLEMING COMPANIES(OLD),
FORD MOTOR,38009
FORTUNE BRANDS,
FOSTER WHEELER (OLD2),
GTE CORP.,
GANNETT CO.,39899
GAP (THE),
GENERAL DYNAMICS,40533
GENERAL ELECTRIC,40554
GENERAL MILLS,40704
GENERAL MOTORS,40729
GENERAL RE CORP.,38475
GENERAL SIGNAL,
GENUINE PARTS,40987
GEORGIA-PACIFIC GROUP,
GIANT FOOD CL. A,
GIDDINGS & LEWIS,
GILLETTE CO.,
GOLDEN WEST FINANCIAL,42293
GOODRICH CORPORATION,
GOODYEAR TIRE & RUBBER,42582
GRACE (W.R.) & CO.,
GRAINGER (W.W.) INC.,
GREAT A & P,
GREAT LAKES CHEMICAL,43362
GREAT WESTERN FINANCIAL,
HCA INC.,860730
HALLIBURTON CO.,45012
HANDLEMAN COMPANY,
HARCOURT GENERAL INC.,
HARLAND (J.H.)(OLD),
HARNISCHFEGER INDUS.,
HARRIS CORP.,202058
HARTMARX CORP.(OLD),
HASBRO INC.,46080
HEINZ (H.J.),
HELMERICH & PAYNE (SMALL),
HERCULES,
HERSHEY FOODS,
HEWLETT-PACKARD,
HILTON HOTELS,47580
HOME DEPOT,354950
HOMESTAKE MINING,743872
HONEYWELL,
HONEYWELL INT'L INC.,
HOUSEHOLD INTERNATIONAL,
HOUSTON INDUSTRIES,
IKON OFFICE SOLUTIONS,3370
ITT CORP.,16095
ILLINOIS TOOL WORKS,49826
INCO,
INGERSOLL-RAND,
INLAND STEEL IND. INC.,
INTEL CORP.,50863
INTERGRAPH CORP.,351145
INTERNATIONAL BUS. MACHINES,
INTERNATIONAL FLAV/FRAG,
INTERNATIONAL PAPER,51434
INTERPUBLIC GROUP,51644
JAMES RIVER,53117
JEFFERSON-PILOT,
JOHNSON & JOHNSON,200406
JOHNSON CONTROLS,53669
JOSTENS INC.,54050
K MART,1018199
KB HOME,795266
KELLOGG CO.,55067
KERR-MCGEE,
KEYCORP,
KIMBERLY-CLARK,
KING WORLD PRODUCTIONS,756764
KNIGHT-RIDDER INC.,
KROGER CO.,56873
LILLY (ELI) & CO.,
LIMITED,
LINCOLN NATIONAL,793158
LIZ CLAIBORNE,
LOCKHEED CORP.,
LONGS DRUG STORES,764762
LORAL CORP.,60357
LOTUS DEVELOPMENT,710979
LOUISIANA LAND,
LOUISIANA PACIFIC,
LOWE'S COS.,
LUBY'S CAFETERIAS,
M/A COM,
MBNA CORP.,870517
MCI COMMUNICATIONS,
MALLINCKRODT INC.,
MANOR CARE,1048352
MARRIOTT INT'L.,
MARSH & MCLENNAN,62709
MARTIN MARIETTA(OLD),
MASCO CORP.,62996
MASSEY ENERGY CO. (OLD),
MATTEL,
MAXUS ENERGY,
MAY DEPT. STORES,
MAYTAG CORP.,63541
MCDERMOTT INTERNATIONAL,708819
MCDONALD'S CORP.,
MCDONNELL DOUGLAS,
MCGRAW-HILL,
MEAD CORP.,64394
MEDTRONIC INC.,64670
MELLON BANK CORP.,
MERCANTILE STORES,
MERCK & CO.,64978
MEREDITH CORP.,65011
MERRILL LYNCH,918848
MICRON TECHNOLOGY,723125
MICROSOFT CORP.,789019
MILACRON,
MILLIPORE CORP.,66479
MINN. MINING & MFG.,
MOBIL CORP.,34088
MONSANTO COMPANY,
MOORE CORP. LTD.(OLD),
MORGAN (J.P.) & CO. (OLD2),
MORGAN STANLEY,
MORRISON KNUDSEN,
MORTON INTERNATIONAL,1035972
MOTOROLA INC.,68505
NACCO IND. CL. A,
NBD BANCORP INC.,
NICOR INC.,72020
NIKE INC.,320187
NALCO CHEMICAL,
NATIONAL CITY CORP.,69970
NATIONAL EDUCATION,1456137
NATIONAL SEMICONDUCTOR,70530
NATIONAL SERVICE IND.,
NATIONSBANK,707706
NAVISTAR INTERNATIONAL CORP.,808450
NEW YORK TIMES CL. A,
NEWELL RUBBERMAID CO.,
NEWMONT MINING CORP. (HLDG. CO.),
NIAGARA MOHAWK POWER,
NORAM ENERGY CORP.,
NORDSTROM(OLD),
NORFOLK SOUTHERN CORP.,702165
NORTEL NETWORKS CORP HLDG CO.,
NORTHROP GRUMMAN CORP.,1133421
NOVELL INC.,
NUCOR CORP.,73309
NYNEX CORP.,
ONEOK INC.,1039684
OCCIDENTAL PETROLEUM,797468
OGDEN CORP. (OLD),
OHIO EDISON,73960
ORACLE CORP.,777676
ORYX ENERGY CO.,
OSHKOSH B'GOSH(OLD),
OUTBOARD MARINE(OLD),
OWENS CORNING,
PACCAR INC.,75362
PG&E CORP.,1004980
PNC BANK CORP.,713676
PPG INDUSTRIES,79879
PACIFICORP,75594
PACIFIC ENTERPRISES,
PACIFIC TELESIS,732716
PALL CORP.,75829
PANENERGY CORP.,
PARKER-HANNIFIN,
PENNEY (J.C.),
PENNZOIL CO.,
PEOPLES ENERGY,77385
PEP BOYS,77449
PEPSICO INC.,77476
PERKIN-ELMER,
PERKINELMER,
PET INC.,
PFIZER,
PHELPS DODGE,78066
PHILIP MORRIS,
PHILLIPS PETROLEUM,
PIONEER HI-BRED INT'L,
PITNEY-BOWES,
PITTSTON SERVICES GROUP,
PLACER DOME INC.,819996
POLAROID CORP.,79326
POTLATCH CORP.,1338749
PRAXAIR,
PREMARK INT'L,
PROCTER & GAMBLE,80424
PROGRESS ENERGY,
PROVIDIAN FINANCIAL CORP.,
PUBLIC SERV. ENTERPRISE INC.,
PULTE HOMES,
QUAKER OATS,
RADIOSHACK CORP,96289
RALSTON-RALSTON PURINA GP,
RAYCHEM CORP.,82206
RAYTHEON CO. (NEW),
REEBOK INTERNATIONAL,770949
REYNOLDS METALS,
RITE AID,84129
ROCKWELL INTERNATIONAL,1024478
ROHM & HAAS,
ROLLINS ENVIRONMENTAL(OLD),
ROWAN COS.,
ROYAL DUTCH PETROLEUM,85486
RUBBERMAID INC.,814453
RUSSELL CORP.,85812
RYAN'S FAMILY STEAK HOUSES,
RYDER SYSTEM,85961
SAFECO CORP.,86104
SBC COMMUNICATIONS INC.,
SPX CORP. (OLD2),
SAFETY-KLEEN,
SALOMON ENTERPRISES,
SANTA FE ENERGY RESOURCES,
SANTA FE PACIFIC CORP.,
SANTA FE PACIFIC GOLD,
SARA LEE CORP.,
SCHERING-PLOUGH,
SCHLUMBERGER LTD.,87347
SCIENTIFIC-ATLANTA,
SCOTT PAPER,
SEAGRAM CO. LTD. (US),
SEARS,
SERVICE CORP. INTERNATIONAL,
SHARED MEDICAL SYSTEMS,
SHAWMUT NATIONAL CORP.,
SHERWIN-WILLIAMS,
SHONEY'S INC.(OLD),
SIGMA-ALDRICH,
SKYLINE CORP.(OLD),
SNAP-ON INC.,
SONAT INC.,
SOUTHERN CO.,1110544
SOUTHWEST AIRLINES,92380
SPRINGS INDUSTRIES INC.,
SPRINT CORP. FON,
ST JUDE MEDICAL,203077
ST. PAUL COS.,
STANLEY WORKS,93556
STONE CONTAINER,
STRIDE RITE(OLD),
SUN MICROSYSTEMS,709519
SUNTRUST BANKS,750556
SUNOCO.,
SUPERVALU INC.,95521
SYSCO CORP.,96021
TJX COMPANIES INC.,109198
TRW INC.,100030
TXU CORP.,1023291
TANDEM COMPUTERS INC.,
TARGET CORP.,27419
TEKTRONIX INC.,96879
TELE-COMMUNICATIONS,
TELEDYNE INC.,
TEMPLE-INLAND,
TENET HEALTHCARE CORP.,70318
TENNECO INC.,1024725
TEXACO INC.,96977
TEXAS INSTRUMENTS,97476
TEXTRON INC.,217346
THE PROMUS COMPANIES,
THOMAS & BETTS,97854
TIME WARNER INC.,1105705
TIMES MIRROR,925260
TIMKEN CO.,98362
TORCHMARK CORP.,320335
TOYS R US HLDG. COS.,
TRANSAMERICA CORP.,99189
TRANSCO ENERGY,98537
TRAVELERS GROUP INC.,
TRIBUNE CO.,726513
TYCO INTERNATIONAL,833444
U.S. BANCORP (OLD),
U.S. HEALTHCARE,
U.S. SURGICAL,
UNUM CORP.,
US WEST INC.,
USAIRWAYS GROUP INC.,
USF&G CORP.,353944
USLIFE CORP.,
UST INC.,827165
USX-MARATHON GROUP,
USX-U.S. STEEL GROUP,
UNICOM CORP.,
UNILEVER N.V.,110390
UNION CAMP,
UNION CARBIDE,100790
UNION ELECTRIC CO.,100826
UNION PACIFIC,100885
UNISYS CORP.,746838
UNITED HEALTH GROUP INC.,
UNITED TECHNOLOGIES,101829
UNOCAL CORP.,716039
UPJOHN CO.,
V.F. CORP.,
VARITY CORP.,
VERIZON COMMUNICATIONS,732712
VIACOM INC.,813828
WACHOVIA CORP.,36995
WAL-MART STORES,1340909
WALGREEN CO.,104207
WALT DISNEY CO.,1001039
WARNER-LAMBERT,
WASTE MANAGEMENT INC. (OLD),
WELLS FARGO,1145991
WELLS FARGO & CO.,72971
WENDY'S INTERNATIONAL,
WESTERN ATLAS,
WESTINGHOUSE ELECTRIC,
WESTVACO CORP.,106498
WEYERHAEUSER CORP.,
WHIRLPOOL CORP.,106640
WHITMAN CORP. (OLD),
WILLIAMS COS.,
WINN-DIXIE,
WOOLWORTH CORP.,850209
WORTHINGTON IND.,108516
WRIGLEY (WM) JR.,
XCEL ENERGY INC,72903
XEROX CORP.,108772
YELLOW CORP,
ZENITH ELECTRONICS,
ZURN INDUSTRIES,846657
ALLSTATE CORP.,899051
APPLIED MATERIALS,6951
BANK OF NEW YORK,9626
BOSTON SCIENTIFIC,885725
CUC INTERNATIONAL INC.,
CABLETRON SYSTEMS,846909
COMERICA INC.,28412
DARDEN RESTAURANTS,940944
FEDERATED DEPT. STORES,
FREEPORT-MCMORAN CP & GLD,
FRUIT OF THE LOOM,
GPU INC.,40779
HARRAH'S ENTERTAINMENT,
HARTFORD FINANCIAL SVC.GP.,
HUMANA INC.,49071
ITT INDUSTRIES,
LSI LOGIC,703360
LAIDLAW INC.,
LOCKHEED MARTIN CORP.,936468
LOEWS CORP.,60086
MEDIAONE GROUP,
MORGAN STANLEY,1071169
PPL CORP.,
PHARMACIA & UPJOHN,
REPUBLIC NEW YORK,
SILICON GRAPHICS,
TELLABS,
U.S. BANCORP (OLD2),
WILAMETTE INDUSTRIES,
3COM CORP.,738076
ALLEGHENY TECHNOLOGIES INC,1018963
AON CORP.,315293
BATTLE MOUNTAIN GOLD,
BAY NETWORKS,
CASE CORP.,
COGNIZANT CORP.,
DELL COMPUTER,
EMC CORP.,790070
FIFTH THIRD BANCORP,35527
FLEETWOOD ENTERPRISES(OLD),
GENERAL INSTRUMENT,352510
GREEN TREE FINANCIAL,890175
GUIDANT CORP.,
HFS INCORPORATED,
HARRIS CORP.(OLD),
J.P. MORGAN CHASE & CO.,
LUCENT TECHNOLOGIES,1006240
MBIA INC.,814585
MGIC INVESTMENT,876437
PEP BOYS(OLD),
SEAGATE TECHNOLOGY,1137789
TUPPERWARE CORP.,1008654
UNION PACIFIC RESOURCES GROUP,
WORLDCOM INC.-WORLDCOM GROUP,
ADOBE SYSTEMS,796343
ANADARKO PETROLEUM,773910
APACHE CORP.,6769
AUTOZONE INC.,866787
BB&T CORP.,92230
CBS CORP.,813828
CARDINAL HEALTH,
CENDANT CORPORATION,
CHARLES SCHWAB,87634
CINCINNATI FINANCIAL,20286
CLEAR CHANNEL COMMUNICATIONS,739708
CONSECO INC.,
COUNTRYWIDE CREDIT INDUSTRIES,
EQUIFAX INC.,33185
FIRSTENERGY CORP.,1031296
FORT JAMES CORP.,
FRONTIER CORP.,
HBO & COMPANY,
HEALTHSOUTH CORP.,785161
HUNTINGTON BANCSHARES,49196
KLA-TENCOR CORP.,
LAIDLAW INC.(OLD),
MIRAGE RESORTS,42246
NEXTLEVEL SYSTEMS,
OMNICOM GROUP,29989
OWENS-ILLINOIS,
PARAMETRIC TECHNOLOGY,857005
PROGRESSIVE CORP.,80661
STATE STREET CORP.,93751
SUNAMERICA INC.,795307
SYNOVUS FINANCIAL,18349
TRICON GLOBAL RESTAURANTS,
THERMO ELECTRON,97745
WASHINGTON MUTUAL,
AES CORP.,874761
AMEREN CORPORATION,
AMERICAN GREETINGS CLASS A,
ASCEND COMMUNICATIONS,
ASSOCIATES FIRST,7974
BMC SOFTWARE,835729
BEAR STEARNS COS.,
BESTFOODS INC.,
BIG LOTS,
CAPITAL ONE FINANCIAL,927628
CARNIVAL CORP.,815097
CITIGROUP INC.,831001
COCA-COLA ENTERPRISES,1491675
DANAHER CORP.,313616
DOLLAR GENERAL,29534
ELECTRONIC DATA SYSTEMS,1007456
FRANKLIN RESOURCES,38777
GATEWAY INC.,895812
GENERAL INSTRUMENT CORPORATION,
HCR MANOR CARE,
IMS HEALTH INC.,1058083
KOHL'S CORP.,
LEHMAN BROS.,
MERCANTILE BANCORP,1109546
MEYER (FED) INC.,
NEW CENTURY ENERGIES,
NEXTEL COMMUNICATIONS,824169
NORTHERN TRUST CORP.,73124
PAYCHEX INC.,723531
PEOPLESOFT INC.,875570
PROVIDENT,5513
RJR NABISCO,847903
REGIONS FINANCIAL CORP.,1281761
SAFEWAY INC.,86144
SEALED AIR CORP.(NEW),
SEMPRA ENERGY,1032208
SOLECTRON,
SPRINT CORP. PCS,
STAPLES INC.,791519
SUMMIT BANCORP,
USA EDUCATION INC,1032033
UNION PLANTERS CORPORATION,
WASHINGTON MUTUAL,1143930
WASTE MANAGEMENT INC.,823768
ADC TELECOMMUNICATIONS,61478
AFLAC INC.,4977
AOL TIME WARNER INC.,
ADAPTEC,
ALLIED WASTE INDUSTRIES,848865
AMSOUTH BANCORPORATION,3133
ANALOG DEVICES,6281
APPLERA CORP-APPLIED BIOSYSTEMS GROUP,
BB&T CORPORATION,
BED BATH & BEYOND,886158
BEST BUY CO.,
CMS ENERGY,811156
CENTURY TELEPHONE,
CITRIX SYSTEMS,877890
COMPUWARE CORP.,859014
COMVERSE TECHNOLOGY,803014
CONOCO INC.,
CONSTELLATION ENERGY GROUP,1004440
COORS (ADOLPH),
DELPHI AUTOMOTIVE SYSTEMS,
EL PASO CORP.,
FLORIDA PROGRESS,
GLOBAL CROSSING,1061322
HONEYWELL INT'L INC. (FORMERLY ALLIED SIGNAL),
KANSAS CITY SOUTHERN IND. (OLD),
LEGGETT & PLATT,58492
LEXMARK INT'L INC,
MCI WORLDCOM INC.,
MANOR CARE INC.,878736
MCKESSON CORP. (NEW),
MOLEX INC.,67472
NABISCO GROUP HOLDINGS,
NETWORK APPLIANCE,1002047
NORDSTROM,
NORTEL NETWORKS,72911
OFFICE DEPOT,800240
OLD KENT FINANCIAL,
PACTIV CORP.,1089976
PAINEWEBBER GROUP,
PINNACLE WEST CAPITAL,764622
QUALCOMM INC.,804328
QUINTILES TRANSNATIONAL,
RELIANT ENERGY,48732
SOUTHTRUST CORP.,92081
T. ROWE PRICE GROUP,
TERADYNE INC.,97210
TOSCO CORP.,
TRANSOCEAN SEDCO FOREX,
U.S. BANCORP,1142147
UNUMPROVIDENT CORP.,5513
VULCAN MATERIALS,103973
WATSON PHARMACEUTICALS,884629
WELLPOINT HEALTH NETWORKS,
XILINX,
YAHOO INC.,1011006
AETNA INC. (NEW),
AGILENT TECHNOLOGIES,1090872
ALLEGHENY ENERGY,3673
ALTERA CORP.,768251
AMBAC FINANCIAL GROUP,874501
AMERICAN POWER CONVERSION,
AVAYA INC.,1116521
BROADVISION INC.,920448
BIOGEN INC.,
BROADCOM CORPORATION,
CIT GROUP,1171825
CALPINE CORP.,916457
CHARTER ONE FINANCIAL,
CHIRON CORP.,706539
CONEXANT SYSTEMS,1069353
CONVERGYS CORP.,1062047
DEVON ENERGY CORP.,837330
DYNEGY INC. (NEW) CLASS A,
EOG RESOURCES,821189
FEDEX CORPORATION,
FLUOR CORP. (NEW),
FOREST LABORATORIES,38074
HCA - THE HEALTH CO,
HARLEY-DAVIDSON,
INTUIT,
JDS UNIPHASE CORP,912093
KEYSPAN ENERGY,
KINDER MORGAN,888228
KING PHARMACEUTICALS,1047699
LINEAR TECHNOLOGY CORP.,791907
MAXIM INTEGRATED PROD,743316
MEDIMMUNE INC.,873591
MERCURY INTERACTIVE,867058
METLIFE INC.,1099219
MOODY'S CORP,
NCR CORP.,70866
NABORS INDUSTRIES,798943
NISOURCE INC.,1111711
NOVELLUS SYSTEMS,
PP & L RESOURCES,
PALM INC.,1100389
PHARMACIA CORP,
POWER-ONE INC.,
QLOGIC CORP.,918386
QWEST COMMUNICATIONS INT,1037949
ROBERT HALF INTERNATIONAL,
SABRE HOLDING CORP.,
SANMINA-SCI CORP.,897723
SAPIENT CORP,1008817
SIEBEL SYSTEMS INC,
STARBUCKS CORP.,829224
STARWOOD HOTELS & RESORTS,48595
STILWELL FINACIAL,
STRYKER CORP.,310764
SYMBOL TECHNOLOGIES,
TIFFANY & CO.,98246
UNITEDHEALTH GROUP INC.,731766
VERITAS SOFTWARE,
VISTEON CORP.,1111335
VITESSE SEMICONDUCTOR,880446
WORLDCOM INC.,723527
AT&T WIRELESS SERVICES,
AMERISOURCEBERGEN CORP.,1140859
APPLIED MICRO CIRCUITS,711065
CIENA CORP.,936395
CINTAS CORPORATION,
CITIZENS COMMUNICATIONS,20520
CONCORD EFS INC.,740112
EQUITY OFFICE PROPERTIES,
EQUITY RESIDENTIAL PROP TR,
FISERV INC.,798354
FAMILY DOLLAR STORES,34408
GENZYME CORP.,732485
HEALTH MANAGEMENT ASSOC.,792985
IMMUNEX CORP.,
INTERNATIONAL GAME TECHNOLOGY,353944
JABIL CIRCUIT,898293
JOHN HANCOCK FINANCIAL,925683
JONES APPAREL GROUP,874016
MIRANT CORP,
NVIDIA CORP.,1045810
NOBLE DRILLING CORP.,
PMC-SIERRA INC.,
PEPSI BOTTLING GROUP,1076405
ROCKWELL COLLINS,1137411
STILWELL FINANCIAL,
TECO ENERGY,350563
TMP WORLDWIDE,1020416
UNIVISION COMMUNICATIONS,
XL CAPITAL,875159
ZIMMER HOLDINGS,1136869
ZIONS BANCORP,109380
3M COMPANY,
ACE LIMITED,
AT&T CORP. (NEW),
AMERICAN STANDARD,836102
ANTHEM,
APOLLO GROUP,929887
BJ SERVICES,864328
CENTERPOINT ENERGY,1166214
CHEVRONTEXACO CORP.,
COMCAST CORP.,1166691
CONOCOPHILLIPS,
COOPER INDUSTRIES,
COUNTRYWIDE FINANCIAL CORP.,25191
DELPHI CORPORATION,
ELECTRONIC ARTS,712515
EQUITY RESIDENTIAL,906107
FIRST TENNESSEE NATIONAL,
GOLDMAN SACHS GROUP,886982
INGERSOLL-RAND CO. LTD.,
LIMITED BRANDS,
MARATHON OIL CORP.,101778
MARSHALL & ILSLEY CORP.,62741
MEADWESTVACO CORPORATION,
MONSANTO CO.,1110783
NABORS INDUSTRIES LTD.,1163739
NOBLE CORPORATION,
NORTH FORK BANCORPORATION,352510
PLUM CREEK TIMBER CO.,849213
PRINCIPAL FINANCIAL GROUP,1126328
PRUDENTIAL FINANCIAL,1137774
QUEST DIAGNOSTICS,1022079
RJ REYNOLDS TOBACCO,
RATIONAL SOFTWARE,
ROCKWELL AUTOMATION,
SLM CORPORATION,
SIMON PROPERTY GROUP,
SUNGARD DATA SYSTEMS,789388
TOYS R US,
TRANSOCEAN INC.,1083269
TRAVELERS PROPERTY CASUALTY CORP.,919482
UNITED PARCEL SERVICE,1090727
UNITED STATES STEEL CORP.,1163302
WACHOVIA CORP. (NEW),
WATERS CORPORATION,
WYETH,5187
YUM! BRANDS,
EBAY INC.,1065088
ALTRIA GROUP,
APARTMENT INVESTMENT & MGMT'A',
AUTONATION,
BIOGEN IDEC INC.,875045
DELL INC.,826083
EXPRESS SCRIPTS,885721
FEDERATED INVESTORS INC.,1056288
JANUS CAPITAL GROUP,1065865
MCCORMICK & CO.,63754
MEDCO HEALTH SOLUTIONS INC.,1170650
MONSTER WORLDWIDE,1020416
PNC FINANCIAL SERVICES,713676
PROLOGIS,
SYMANTEC CORP.,849399
AFFILIATED COMPUTER,2135
ARCHSTONE-SMITH TRUST,
CAREMARK RX,1000736
CIENA CORP.,936395
COACH,
COMPASS BANCSHARES,18568
E*TRADE FINANCIAL CORP.,
FIRST HORIZON NATIONAL,36966
FISHER SCIENTIFIC,880430
FREESCALE SEMICONDUCTOR INC.,
GILEAD SCIENCES,882095
HOSPIRA INC.,1274057
JPMORGAN CHASE & CO.,19617
L-3 COMMUNICATIONS HOLDINGS,
LABORATORY CORP. OF AMERICA HOLDING,
M&T BANK CORP.,36270
MYLAN LABORATORIES,69499
NEWS CORPORATION,
OFFICEMAX INC.,
REGIONS FINANCIAL CORP. (NEW),
REYNOLDS AMERICAN INC.,1275283
SOVEREIGN BANCORP,811830
ST. PAUL TRAVELERS COS.,
VALERO ENERGY,1035002
WELLPOINT INC.,1156039
XTO ENERGY INC.,868809
AT&T INC.,732717
AMAZON CORP.,
AMERIPRISE FINANCIAL,
CONSTELLATION BRANDS,16918
COVENTRY HEALTH CARE INC.,
D.R. HORTON,
GENWORTH FINANCIAL INC.,1276520
LENNAR CORP.,920760
MOLSON COORS BREWING COMPANY,
MURPHY OIL,717423
NATIONAL OILWELL VARCO,
PATTERSON COS. INC.,
PUBLIC STORAGE,318380
SCRIPPS (E. W.) 'A',
SEARS HOLDINGS CORPORATION,
SPRINT NEXTEL CORP.,
SUNOCO,
THE HERSHEY COMPANY,
TYSON FOODS,100493
VORNADO REALTY TRUST,899689
WEATHERFORD INTERNATIONAL LTD.,1170565
AETNA INC.,1122304
BARR PHARMACEUTICALS,
BOSTON PROPERTIES,1037540
CA,
CB RICHARD ELLIS GROUP,
CONSOL ENERGY INC.,1070412
CELGENE CORP.,816284
CHESAPEAKE ENERGY,895126
CHICAGO MERCANTILE EXCHANGE,
COGNIZANT TECHNOLOGY SOLUTIONS,1058290
COMMERCE BANCORP,715096
DIRECTV GROUP INC.,
DEAN FOODS,27500
EMBARQ CORPORATION,
ESTEE LAUDER COS.,
FIDELITY NATIONAL INFORMATION SERVICES,
GOOGLE INC.,
HARMAN INT'L INDUSTRIES,
HESS CORPORATION,
IAC/INTERACTIVE CORP.,
ITT CORPORATION,
JDS UNIPHASE CORP.,912093
JUNIPER NETWORKS,1043604
KIMCO REALTY,879101
LEGG MASON,810868
PEABODY ENERGY,1064728
QUESTAR CORP.,751652
REALOGY CORPORATION,
SANDISK CORPORATION,
SMITH INTERNATIONAL,1202273
TEREX CORP.,97216
THERMO FISHER SCIENTIFIC,97745
VERISIGN INC.,1014473
VIACOM INC. (NEW),
WESTERN UNION CO,
WHOLE FOODS MARKET,865436
WINDSTREAM CORPORATION,
WYNDHAM WORLDWIDE,1361658
ABERCROMBIE & FITCH CO.,1018840
AKAMAI TECHNOLOGIES INC,1086222
AMERICAN CAPITAL STRATEGIES LTD,817473
AMERICAN TOWER CORP.,1053507
APPLE INC.,320193
ASSURANT INC,1267238
AVALONBAY COMMUNITIES,915912
BANK OF NEW YORK MELLON CORP. (NEW),
C.H. ROBINSON WORLDWIDE,
CME GROUP INC.,1156375
CVS CAREMARK CORP.,64803
COVIDIEN LTD.,
DEVELOPERS DIVERSIFIED RLTY,
DISCOVER FINANCIAL SERVICES,
DYNEGY INC.,879215
ENSCO INT'L,
EXPEDIA INC.,1095357
EXPEDITORS INT'L,
GAMESTOP CORP.,
GENL GROWTH PROPERTIES,
HOST HOTELS & RESORTS,1070750
HUDSON CITY BANCORP,921847
INTEGRYS ENERGY GROUP,
INTERCONTINENTALEXCHANGE INC.,1174746
JACOBS ENGINEERING GROUP,52988
KRAFT FOODS INC-A,
LSI CORPORATION,
LEUCADIA NATIONAL CORP.,96223
MEMC ELECTRONIC MATERIALS,
MACY'S INC.,
MANITOWOC CO.,61986
MICROCHIP TECHNOLOGY,827054
MYLAN INC.,69499
NYSE EURONEXT,
NOBLE ENERGY,
PEPCO HOLDINGS,
POLO RALPH LAUREN CORP.,1037038
PRECISION CASTPARTS,79958
RANGE RESOURCES CORP.,315852
SPECTRA ENERGY CORP.,
TERADATA CORP.,816761
TESORO PETROLEUM CO.,50104
THE TRAVELERS COMPANIES,
TITANIUM METALS CORP,1011657
TRANE INC.,
TRANSOCEAN INC. (NEW),
TYCO ELECTRONICS LTD.,
TYCO INTERNATIONAL (NEW),
UNUM GROUP,
VARIAN MEDICAL SYSTEMS,203527
WASHINGTON POST,
AK STEEL HOLDING CORP.,918160
AMERICAN CAPITAL,
AMPHENOL CORP.,820313
CF INDUSTRIES HOLDINGS INC,
CABOT OIL & GAS,858470
CAMERON INTERNATIONAL CORP.,941548
CEPHALON INC,873364
DAVITA INC.,927066
DENTSPLY INTERNATIONAL,818479
DR PEPPER SNAPPLE GROUP INC,
DUN & BRADSTREET,1115222
EQUITABLE RESOURCES,33213
FASTENAL,
FLOWSERVE CORPORATION,
FRONTIER COMMUNICATIONS,20520
HCP,
INTUITIVE SURGICAL INC.,1035267
INVESCO LTD,
LIFE TECHNOLOGIES CORP.,
LORILLARD INC.,
MASSEY ENERGY COMPANY,
MASTERCARD INC.,1141391
MCAFEE,
NASDAQ OMX GROUP INC,
NETAPP,
PEOPLES UNITED FINANCIAL INC,
PHILIP MORRIS INTL.,
PIONEER NATURAL RESOURCES,1038357
REPUBLIC SERVICES,1060391
SALESFORCE COM INC COM,
SCRIPPS NETWORK INTERACTIVE,
SMUCKER (J.M.) (NEW),
SOUTHWESTERN ENERGY,7332
STERICYCLE INC.,861878
TOTAL SYSTEM SERVICES,721683
WISCONSIN ENERGY,783325
WYNN RESORTS LTD.,1174922
3M CO,66740
AES CORP,874761
AFLAC INC,4977
AK STEEL HLDG CORP,
AT&T INC,732717
ABBOTT LABORATORIES,1800
ABERCROMBIE & FITCH COMPANY A,
ADOBE SYSTEMS INC,796343
AETNA INC,1122304
AFFILIATED COMPUTER SERVICES,2135
AGILENT TECHNOLOGIES INC,1090872
AIR PRODUCTS & CHEMICALS INC,2969
AIRGAS INC,804212
ALLEGHENY ENERGY INC,3673
ALLERGAN INC,850693
ALLSTATE CORP,899051
ALTERA CORP,768251
ALTRIA GROUP INC,
AMAZON.COM INC,1018724
AMEREN CORP,1002910
AMERICAN EXPRESS CO,4962
AMERICAN INTL GROUP INC,
AMERICAN TOWER CORP A,
AMERIPRISE FINANCIAL INC,820027
AMERISOURCEBERGEN CORP,1140859
AMGEN INC,318154
AMPHENOL CORP A,
ANADARKO PETROLEUM CORP,773910
ANALOG DEVICES INC,6281
AON CORP,315293
APACHE CORP,6769
APARTMENT INVESTMENT & MGMT,
APOLLO GROUP INC,929887
APPLIED MATERIALS INC,6951
ARCHER-DANIELS-MIDLAND CO,
AUTONATION INC,
AUTOZONE INC,866787
AUTODESK INC,769397
AUTOMATIC DATA PROCESSING,8670
AVALONBAY COMMUNITIES INC,915912
AVERY DENNISON CORP,8818
BB&T CORP,92230
BJ SERVICES CO,864328
BMC SOFTWARE INC,835729
BAKER HUGHES INC,808362
BALL CORP,9389
BANK OF AMERICA CORP,70858
BARD,
BAXTER INTL INC,
BECTON,
BED BATH & BEYOND INC,886158
BEMIS CO INC,11199
BEST BUY CO INC,764478
BIG LOTS INC,768835
BIOGEN IDEC INC,875045
BLACK & DECKER CORP,12355
BLOCK H & R INC,
BOEING CO,12927
BOSTON PROPERTIES INC,1037540
BOSTON SCIENTIFIC CORP,885725
BROADCOM CORP A,
BROWN-FORMAN CORP B,
BURLINGTON NORTHERN SANTA FE CO,934612
CA INC,826326
CB RICHARD ELLIS GROUP INC A,
CBS CORP B,
CF INDUSTRIES HOLDINGS,
CH ROBINSON WORLDWIDE INC,
CIGNA CORP,701221
CMS ENERGY CORP,811156
CONSOL ENERGY INC,1070412
CSX CORP,277948
CABOT OIL & GAS A,
CAMERON INTERNATIONAL CORP,941548
CAMPBELL SOUP CO,16732
CARDINAL HEALTH INC,721371
CAREFUSION CORP.,
CARNIVAL CORP,815097
CATERPILLAR INC,18230
CELGENE CORP,816284
CENTERPOINT ENERGY INC,1166214
CENTURYTEL INC,18926
CHESAPEAKE ENERGY CORP,895126
CHEVRON CORP,93410
CHUBB CORP,20171
CINCINNATI FINANCIAL CORP,20286
CINTAS CORP,723254
CISCO SYSTEMS INC,858877
CITIGROUP INC,831001
CITRIX SYSTEMS INC,877890
CLIFFS NATURAL RESOURCES INC,764065
CLOROX CO,21076
COACH INC,1026488
COCA-COLA CO,
COGNIZANT TECH SOLUTIONS CORP,
COLGATE-PALMOLIVE CO,
COMCAST CORP A,
COMERICA INC (MI),
COMPUTER SCIENCES,23082
COMPUWARE CORP,859014
CONAGRA FOODS INC,23217
CONSOLIDATED EDISON INC,1047862
CONSTELLATION BRANDS INC A,
CORNING INC,24741
COSTCO WHOLESALE CORP,909832
COVENTRY HEALTH CARE INC,
CUMMINS INC,26172
DIRECTV CLASS A,
DTE ENERGY CO,936340
DANAHER CORP,313616
DARDEN RESTAURANTS INC,940944
DAVITA INC,927066
DEVRY INC,730464
DEAN FOODS CO,27500
DEERE & CO,315189
DELL INC,826083
DENBURY RESOURCES INC,945764
DENTSPLY INTL,
DEVON ENERGY CORP,837330
DIAMOND OFFSHORE DRILLING,949039
DOMINION RESOURCES INC,715957
DONNELLEY,
DOVER CORP,29905
DR PEPPER SNAPPLE GROUP,
DUPONT,
DUKE ENERGY CORP,30371
DUN & BRADSTREET CORP,1115222
E*TRADE FINANCIAL CORP,
EMC CORP,790070
EQT CORPORATION,
EASTMAN CHEMICAL CO,915389
EASTMAN KODAK CO,31235
EATON CORP,31277
ECOLAB INC,31462
EDISON INTL,
EL PASO CORP,
EMERSON ELECTRIC CO,32604
ENTERGY CORP,65984
EQUIFAX INC,33185
EXELON CORP,1109357
EXPEDIA,
EXPEDITORS INTL OF WA INC,
EXPRESS SCRIPTS INC,885721
EXXON MOBIL CORP,34088
FLIR SYSTEMS INC,354908
FMC CORP,37785
FMC TECHNOLOGIES INC,1135152
FPL GROUP INC,753308
FAMILY DOLLAR STORES INC,34408
FASTENAL CO,815556
FEDEX CORP,1048911
FEDERATED INVESTORS INC B,
FIDELITY NATIONAL INFORMATION,
FIFTH THIRD BANCORP (OH),
FIRST HORIZON NATIONAL CORP,36966
FIRST SOLAR INC,
FIRSTENERGY CORP,1031296
FISERV INC,798354
FLOWSERVE CORP,30625
FLUOR CORP,1124198
FORD MOTOR CO,37996
FORTUNE BRANDS INC,789073
FRANKLIN RESOURCES INC,38777
FREEPORT MCMORAN COPPER & GOLD,831259
FRONTIER COMMUNICATIONS CORP,20520
GAMESTOP CORP A,
GANNETT CO INC,39899
GAP INC,39911
GENERAL ELECTRIC CO,40545
GENERAL MILLS INC,40704
GENUINE PARTS CO,40987
GENWORTH FINANCIAL INC,1276520
GENZYME CORP,732485
GILEAD SCIENCES INC,882095
GOLDMAN SACHS GROUP INC,886982
GOODRICH CORP,
GOODYEAR TIRE & RUBBER CO,42582
GOOGLE INC,
GRAINGER,
HCP INC,
HALLIBURTON CO,45012
HARLEY-DAVIDSON INC,
HARMAN INTL INDUSTRIES INC,
HARRIS CORP,202058
HARTFORD FINL SERVICES GROUP,
HASBRO INC,46080
HEALTH CARE REIT INC,766704
HEINZ,
HERSHEY FOODS CORP,
HESS CORP,4447
HEWLETT-PACKARD CO,
HOME DEPOT INC,354950
HONEYWELL INTL INC,
HORMEL FOODS CORP,48465
HORTON,
HOSPIRA,
HOST HOTELS & RESORTS INC,
HUMANA INC,49071
HUNTINGTON BANCSHARES (OH),
IMS HEALTH INC,1058083
ILLINOIS TOOL WORKS INC,49826
INTEGRYS ENERGY GROUP INC,
INTEL CORP,50863
INTERCONTINENTALEXCHANGE,
INTERPUBLIC GROUP COS,
INTL BUSINESS MACHINES CORP,
INTL FLAVORS & FRAGRANCES,
INTL GAME TECHNOLOGY,
INTL PAPER CO,
INTUIT INC,896878
INTUITIVE SURGICAL INC,1035267
IRON MOUNTAIN INC,1020569
JP MORGAN CHASE & CO,
JABIL CIRCUIT INC,898293
JACOBS ENGINEERING GROUP INC,52988
JANUS CAPITAL GROUP INC,1065865
JOHNSON CONTROLS INC,53669
JUNIPER NETWORKS INC,1043604
KLA-TENCOR CORPORATION,
KELLOGG CO,55067
KIMCO REALTY CORP,879101
KING PHARMACEUTICALS INC,1047699
KOHL'S CORP,
KRAFT FOODS INC A,
KROGER CO,56873
LAB CORP OF AMERICA HLDGS,
LEGG MASON INC,810868
LENNAR CORP A,
LEUCADIA NATIONAL CORP (NY),
LEXMARK INTERNATIONAL INC,1001288
LIFE TECHNOLOGIES CORP,
LILLY,
LIMITED BRANDS INC,701985
LINCOLN NATIONAL CORP,59558
LINEAR TECHNOLOGY CORP,791907
LOCKHEED MARTIN,936468
LOEWS CORP,60086
LORILLARD INC,
LOWE'S COS INC,
M&T BANK CORP,36270
MACY'S INC,
MARATHON OIL CORP,101778
MARRIOTT INTL A,
MARSH & MCLENNAN COMPANIES,62709
MARSHALL & ILSLEY CORP (WI),
MASCO CORP,62996
MASSEY ENERGY CO,37748
MASTERCARD INC A,
MATTEL INC,1284721
MCAFEE INC,
MCCORMICK & CO,63754
MCDONALD'S CORP,
MCGRAW-HILL COS INC,
MCKESSON CORP,927653
MEAD JOHNSON NUTRITION CO,
MEADWESTVACO CORP,
MEDCO HEALTH SOLUTIONS INC,1170650
MEDTRONIC INC,64670
MERCK & CO INC,64978
MEREDITH CORP,65011
METLIFE INC,1099219
METROPCS COMMUNICATIONS INC,1283699
MICROCHIP TECHNOLOGY INC,827054
MICRON TECHNOLOGY INC,723125
MICROSOFT CORP,789019
MILLIPORE CORP,66479
MOLEX INC,67472
MOLSON COORS BREWING CO B,
MONSTER WORLDWIDE INC,
MOTOROLA INC,68505
MURPHY OIL CORP,717423
NICOR INC,72020
NIKE INC B,
NABORS INDUSTRIES LTD,1163739
NASDAQ OMX GROUP/THE,
NATIONAL OILWELL VARCO INC,1021860
NETAPP INC,
NEW YORK TIMES CO A,
NEWELL RUBBERMAID INC,814453
NEWMONT MINING CORP,1164727
NEWS CORPORATION A,
NISOURCE INC,1111711
NOBLE ENERGY INC,72207
NORDSTROM INC,72333
NORFOLK SOUTHERN CORP,702165
NORTHEAST UTILITIES,72741
NORTHERN TRUST CORP (IL),
NORTHROP GRUMMAN CORP,1133421
NOVELL INC,
NOVELLUS SYSTEMS INC,
NUCOR CORP,73309
NVIDIA CORP,1045810
O'REILLY AUTOMOTIVE,
OFFICE DEPOT INC,800240
ORACLE CORP,777676
OWENS-ILLINOIS INC,
PACCAR INC,75362
PG&E CORPORATION,
PNC FINL SERVICES GROUP,
PPG INDUSTRIES INC,79879
PPL CORP,
PACTIV CORPORATION,
PALL CORP,75829
PARKER-HANNIFIN CORP,
PATTERSON COS INC,
PAYCHEX INC,723531
PEABODY ENERGY CORP,1064728
PENNEY,
PEOPLE'S UNITED FINANCIAL INC,
PEPCO HOLDINGS INC,1135971
PEPSI BOTTLING GROUP INC,1076405
PEPSICO INC,77476
PERKINELMER INC,31791
PFIZER INC,78003
PHILIP MORRIS INTERNATIONAL,
PINNACLE WEST CAPITAL (AZ),
PITNEY BOWES INC,78814
PLUM CREEK TIMBER CO,849213
POLO RALPH LAUREN A,
PRAXAIR INC,884905
PRECISION CASTPARTS CORP,79958
PRICELINE.COM INC,1075531
PROGRESS ENERGY INC,1094093
PROGRESSIVE CORP,80661
PROLOGIS,
PRUDENTIAL FINANCIAL INC,1137774
PUBLIC SERVICE ENTERPRISE GRP,
PULTE HOMES INC,822416
QLOGIC CORP,918386
QUALCOMM INC,804328
QUANTA SERVICES INC,1050915
QUESTAR CORP,751652
QWEST COMMUNICATIONS INTL INC,
RANGE RESOURCES CORP,315852
RAYTHEON CO,82267
RED HAT INC,1087423
REGIONS FINANCIAL CORP,1281761
REPUBLIC SERVICES INC,1060391
REYNOLDS AMERICAN INC,1275283
ROBERT HALF INTL INC,
ROCKWELL AUTOMATION INC,1024478
ROPER INDUSTRIES INC,882835
ROSS STORES INC,745732
ROWAN COMPANIES INC,85408
RYDER SYSTEM INC,85961
SAIC INC,
SCANA CORP,735016
SLM CORP,1032033
SAFEWAY INC,86144
SALESFORCE.COM,
SANDISK CORP,1000180
SARA LEE CORP,
SCHLUMBERGER LTD,87347
SCHWAB,
SCRIPPS NETWORKS INTERACTIVE,
SEALED AIR CORP,88204
SEARS HOLDINGS CORP,1310067
SHERWIN-WILLIAMS CO,
SIGMA-ALDRICH CORP,
SIMON PROPERTY GROUP,1063761
SMITH INTL INC,
SMUCKER,
SNAP ON INC,91440
SOUTHERN CO,1110544
SOUTHWEST AIRLINES CO,92380
SOUTHWESTERN ENERGY CO,7332
SPECTRA ENERGY CORP,
SPRINT NEXTEL CORP,
ST JUDE MEDICAL INC,203077
STAPLES INC,791519
STARBUCKS CORP,829224
STARWOOD HOTEL & RESORT WORLD,
STATE STREET CORP,93751
STERICYCLE INC,861878
STRYKER CORP,310764
SUN MICROSYSTEMS INC,709519
SUNTRUST BANKS INC (GA),
SUNOCO INC,95304
SUPERVALU INC,95521
SYMANTEC CORP,849399
SYSCO CORP,96021
T ROWE PRICE GROUP INC,
TECO ENERGY INC,350563
TJX COS INC,
TARGET CORP,27419
TELLABS INC,317771
TENET HEALTHCARE,70318
TERADATA CORP,816761
TERADYNE INC,97210
TESORO CORP,50104
TEXAS INSTRUMENTS INC,97476
TEXTRON INC,217346
THE BANK OF NEW YORK MELLON CORP,
TIFFANY & CO,98246
TIME WARNER CABLE INC,1377013
TIME WARNER INC,1105705
TORCHMARK CORP,320335
TOTAL SYSTEM SERVICES INC,721683
TRAVELERS COS INC,
TYSON FOODS INC A,
US BANCORP,1094770
UNION PACIFIC CORP,100885
UNITED PARCEL SERVICE INC B,
UNITED STATES STEEL CORP,1163302
UNITED TECHNOLOGIES CORP,101829
UNITEDHEALTH GROUP INC,731766
VF CORP,
VALERO ENERGY CORP,1035002
VARIAN MEDICAL SYSTEMS INC,203527
VENTAS INC,740260
VERISIGN INC,1014473
VERIZON COMMUNICATIONS INC,732712
VIACOM INC B (NEW),
VISA INC,1172706
VULCAN MATERIALS CO,103973
WALGREEN CO,104207
WALT DISNEY CO,1001039
WASHINGTON POST CO B,
WASTE MANAGEMENT INC,823768
WATERS CORP,1000697
WELLPOINT INC,1156039
WELLS FARGO & CO,72971
WESTERN DIGITAL CORP,106040
WEYERHAEUSER CO,106535
WHIRLPOOL CORP,106640
WHOLE FOODS MARKET INC,865436
WILLIAMS COS INC,
WINDSTREAM CORP,1585644
WISCONSIN ENERGY CORP,783325
WYNDHAM WORLDWIDE CORP,1361658
WYNN RESORTS LTD,1174922
XL CAPITAL LTD A (BERMUDA),
XTO ENERGY INC,868809
XEROX CORP,108772
XILINX INC,743988
YAHOO INC,1011006
YUM! BRANDS INC,
ZIMMER HOLDINGS INC,1136869
